<?xml version="1.0" encoding="UTF-8"?>
<beans xmlns="http://www.springframework.org/schema/beans"
       xmlns:xsi="http://www.w3.org/2001/XMLSchema-instance"
       xmlns:context="http://www.springframework.org/schema/context"
   	   xmlns:aop="http://www.springframework.org/schema/aop"
       xmlns:tx="http://www.springframework.org/schema/tx"
       xsi:schemaLocation="http://www.springframework.org/schema/beans
      http://www.springframework.org/schema/beans/spring-beans-3.0.xsd
      http://www.springframework.org/schema/context
      http://www.springframework.org/schema/context/spring-context-3.0.xsd
      http://www.springframework.org/schema/tx
      http://www.springframework.org/schema/tx/spring-tx.xsd
      http://www.springframework.org/schema/aop
      http://www.springframework.org/schema/aop/spring-aop.xsd">
    <context:component-scan base-package="com.study.shop.service.impl"></context:component-scan>
     
    <!-- druid 数据源配置 -->
    <bean id="dataSource" class="com.alibaba.druid.pool.DruidDataSource" destroy-method="close">
        <!-- 驱动名称 -->
        <property name="driverClassName" value="${db.driverClassName}"></property>
        <!-- 数据库链接URL -->
        <property name="url" value="${db.jdbcUrl}"></property>
        <!--  用户名-->
        <property name="username" value="${db.username}"></property>
        <!-- 密码 -->
        <property name="password" value="${db.password}"></property>
        <!-- Filter Chain -->
        <property name="filters" value="stat"></property>
        <!-- 最大的激活数 -->
        <property name="maxActive" value="20"></property>
        <!-- 初始Connection个数 -->
        <property name="initialSize" value="1"></property>
        <!-- 获取链接时最大的待侍时间 -->
        <property name="maxWait" value="60000"></property>
        <!-- 最小链接池数量 -->
        <property name="minIdle" value="10"></property>
        <!-- Destory 线程 检测连接间隔时间 -->
        <property name="timeBetweenEvictionRunsMillis" value="60000"></property>
        <!-- Destory 线程中如果检测到当前连接的最后活跃时间和当前时间差值大于,则关闭当前链接 -->
        <property name="minEvictableIdleTimeMillis" value="300000"></property>
        <!-- 用来检测连接是否有效的SQL,要求是一个查询语句 -->
        <property name="validationQuery" value="SELECT 1 FROM DUAL"></property>
        <!-- 建议配置为true 不影响性能，并且保证安人全性 -->
        <property name="testWhileIdle" value="true"></property>
        <!-- 申请链接时执行VQ 检测链接是否有效，会降低性能 -->
        <property name="testOnBorrow" value="false"></property>
        <!-- 归还链接时执行VQ 检测连接是否有效,会降低性能 -->
        <property name="testOnReturn" value="false"></property>
        <property name="maxOpenPreparedStatements" value="20"></property>
        <!-- 对于建立时间超过 Timeout的链接强制闭关 -->
        <property name="removeAbandoned" value="false"></property>
        <!-- 指定链接多长时间就需要被强制关闭 -->
        <property name="removeAbandonedTimeout" value="1800"></property>
        <!-- 指定强制关闭链接时是否记录，当前线程的堆栈信息到日志中 -->
        <property name="logAbandoned" value="true"></property>
    </bean>

	<bean id="transactionManager" class="org.springframework.jdbc.datasource.DataSourceTransactionManager">
    	<property name="dataSource" ref="dataSource" />
	</bean>
	<tx:advice id="transactionAdvice" transaction-manager="transactionManager">
		<tx:attributes>
			<tx:method name="*" read-only="true"/>
			<tx:method name="insert*"/>
			<tx:method name="delete*"/>
			<tx:method name="update*"/>
		</tx:attributes>
	</tx:advice>
	<aop:config>
		<aop:pointcut expression="execution(* com.study.shop.service.*.*(..))" id="transactionPoint"/>
		<aop:advisor advice-ref="transactionAdvice" pointcut-ref="transactionPoint"/>
		<aop:aspect ref="log">
			<aop:pointcut expression="execution(* com.study.shop.service.*.update*(..))
				||execution(* com.study.shop.service.*.insert*(..))
				||execution(* com.study.shop.service.*.delete*(..))" id="logPoint"/>
			<aop:around method="logging" pointcut-ref="logPoint"/>
		</aop:aspect>
	</aop:config>

    <bean id="sqlSessionFactory" class="org.mybatis.spring.SqlSessionFactoryBean">
        <property name="dataSource" ref="dataSource"/>
        <property name="mapperLocations" value="classpath:com/study/shop/mapper/xml/*.xml" />
        <property name="configLocation" value="classpath:mybatis-config.xml"></property>
        <property name="typeAliasesPackage" value="com.study.shop.domain"/>
    </bean>
    
    <bean id="sqlScannerConfigurer" class="org.mybatis.spring.mapper.MapperScannerConfigurer">
        <property name="sqlSessionFactoryBeanName" value="sqlSessionFactory"/>
        <property name="basePackage" value="com.study.shop.mapper"/>
    </bean>
    
</beans>