<?xml version="1.0" encoding="UTF-8" ?>
<!DOCTYPE mapper PUBLIC "-//mybatis.org//DTD Mapper 3.0//EN" "http://mybatis.org/dtd/mybatis-3-mapper.dtd" >
<mapper namespace="com.study.shop.mapper.OrderProductMapper" >
  <resultMap id="BaseResultMap" type="com.study.shop.domain.OrderProduct" >
    <!--
      WARNING - @mbggenerated
      This element is automatically generated by MyBatis Generator, do not modify.
    -->
    <constructor >
      <idArg column="id" jdbcType="BIGINT" javaType="java.lang.Long" />
      <arg column="order_id" jdbcType="BIGINT" javaType="java.lang.Long" />
      <arg column="product_id" jdbcType="BIGINT" javaType="java.lang.Long" />
      <arg column="product_count" jdbcType="INTEGER" javaType="java.lang.Integer" />
      <arg column="unit_price" jdbcType="INTEGER" javaType="java.lang.Integer" />
      <arg column="total_price" jdbcType="INTEGER" javaType="java.lang.Integer" />
    </constructor>
  </resultMap>
  <sql id="Example_Where_Clause" >
    <!--
      WARNING - @mbggenerated
      This element is automatically generated by MyBatis Generator, do not modify.
    -->
    <where >
      <foreach collection="oredCriteria" item="criteria" separator="or" >
        <if test="criteria.valid" >
          <trim prefix="(" suffix=")" prefixOverrides="and" >
            <foreach collection="criteria.criteria" item="criterion" >
              <choose >
                <when test="criterion.noValue" >
                  and ${criterion.condition}
                </when>
                <when test="criterion.singleValue" >
                  and ${criterion.condition} #{criterion.value}
                </when>
                <when test="criterion.betweenValue" >
                  and ${criterion.condition} #{criterion.value} and #{criterion.secondValue}
                </when>
                <when test="criterion.listValue" >
                  and ${criterion.condition}
                  <foreach collection="criterion.value" item="listItem" open="(" close=")" separator="," >
                    #{listItem}
                  </foreach>
                </when>
              </choose>
            </foreach>
          </trim>
        </if>
      </foreach>
    </where>
  </sql>
  <sql id="Base_Column_List" >
    <!--
      WARNING - @mbggenerated
      This element is automatically generated by MyBatis Generator, do not modify.
    -->
    id, order_id, product_id, product_count, unit_price, total_price
  </sql>
  <select id="selectByExample" resultMap="BaseResultMap" parameterType="com.study.shop.domain.OrderProductExample" >
    <!--
      WARNING - @mbggenerated
      This element is automatically generated by MyBatis Generator, do not modify.
    -->
    select
    <if test="distinct" >
      distinct
    </if>
    <include refid="Base_Column_List" />
    from order_product
    <if test="_parameter != null" >
      <include refid="Example_Where_Clause" />
    </if>
    <if test="orderByClause != null" >
      order by ${orderByClause}
    </if>
  </select>
  <select id="selectByPrimaryKey" resultMap="BaseResultMap" parameterType="java.lang.Long" >
    <!--
      WARNING - @mbggenerated
      This element is automatically generated by MyBatis Generator, do not modify.
    -->
    select 
    <include refid="Base_Column_List" />
    from order_product
    where id = #{id,jdbcType=BIGINT}
  </select>
  <delete id="deleteByPrimaryKey" parameterType="java.lang.Long" >
    <!--
      WARNING - @mbggenerated
      This element is automatically generated by MyBatis Generator, do not modify.
    -->
    delete from order_product
    where id = #{id,jdbcType=BIGINT}
  </delete>
  <insert id="insert" parameterType="com.study.shop.domain.OrderProduct" >
    <!--
      WARNING - @mbggenerated
      This element is automatically generated by MyBatis Generator, do not modify.
    -->
    insert into order_product (id, order_id, product_id, 
      product_count, unit_price, total_price
      )
    values (#{id,jdbcType=BIGINT}, #{orderId,jdbcType=BIGINT}, #{productId,jdbcType=BIGINT}, 
      #{productCount,jdbcType=INTEGER}, #{unitPrice,jdbcType=INTEGER}, #{totalPrice,jdbcType=INTEGER}
      )
  </insert>
  <insert id="insertSelective" parameterType="com.study.shop.domain.OrderProduct" >
    <!--
      WARNING - @mbggenerated
      This element is automatically generated by MyBatis Generator, do not modify.
    -->
    insert into order_product
    <trim prefix="(" suffix=")" suffixOverrides="," >
      <if test="id != null" >
        id,
      </if>
      <if test="orderId != null" >
        order_id,
      </if>
      <if test="productId != null" >
        product_id,
      </if>
      <if test="productCount != null" >
        product_count,
      </if>
      <if test="unitPrice != null" >
        unit_price,
      </if>
      <if test="totalPrice != null" >
        total_price,
      </if>
    </trim>
    <trim prefix="values (" suffix=")" suffixOverrides="," >
      <if test="id != null" >
        #{id,jdbcType=BIGINT},
      </if>
      <if test="orderId != null" >
        #{orderId,jdbcType=BIGINT},
      </if>
      <if test="productId != null" >
        #{productId,jdbcType=BIGINT},
      </if>
      <if test="productCount != null" >
        #{productCount,jdbcType=INTEGER},
      </if>
      <if test="unitPrice != null" >
        #{unitPrice,jdbcType=INTEGER},
      </if>
      <if test="totalPrice != null" >
        #{totalPrice,jdbcType=INTEGER},
      </if>
    </trim>
  </insert>
  <select id="countByExample" parameterType="com.study.shop.domain.OrderProductExample" resultType="java.lang.Integer" >
    <!--
      WARNING - @mbggenerated
      This element is automatically generated by MyBatis Generator, do not modify.
    -->
    select count(*) from order_product
    <if test="_parameter != null" >
      <include refid="Example_Where_Clause" />
    </if>
  </select>
  <update id="updateByPrimaryKeySelective" parameterType="com.study.shop.domain.OrderProduct" >
    <!--
      WARNING - @mbggenerated
      This element is automatically generated by MyBatis Generator, do not modify.
    -->
    update order_product
    <set >
      <if test="orderId != null" >
        order_id = #{orderId,jdbcType=BIGINT},
      </if>
      <if test="productId != null" >
        product_id = #{productId,jdbcType=BIGINT},
      </if>
      <if test="productCount != null" >
        product_count = #{productCount,jdbcType=INTEGER},
      </if>
      <if test="unitPrice != null" >
        unit_price = #{unitPrice,jdbcType=INTEGER},
      </if>
      <if test="totalPrice != null" >
        total_price = #{totalPrice,jdbcType=INTEGER},
      </if>
    </set>
    where id = #{id,jdbcType=BIGINT}
  </update>
  <update id="updateByPrimaryKey" parameterType="com.study.shop.domain.OrderProduct" >
    <!--
      WARNING - @mbggenerated
      This element is automatically generated by MyBatis Generator, do not modify.
    -->
    update order_product
    set order_id = #{orderId,jdbcType=BIGINT},
      product_id = #{productId,jdbcType=BIGINT},
      product_count = #{productCount,jdbcType=INTEGER},
      unit_price = #{unitPrice,jdbcType=INTEGER},
      total_price = #{totalPrice,jdbcType=INTEGER}
    where id = #{id,jdbcType=BIGINT}
  </update>
  <select resultMap="BaseResultMap" parameterType="com.study.shop.domain.OrderProductExample" id="selectByExampleWithRowbounds" >
    <!--
      WARNING - @mbggenerated
      This element is automatically generated by MyBatis Generator, do not modify.
    -->
    select
    <if test="distinct" >
      distinct
    </if>
    <include refid="Base_Column_List" />
    from order_product
    <if test="_parameter != null" >
      <include refid="Example_Where_Clause" />
    </if>
    <if test="orderByClause != null" >
      order by ${orderByClause}
    </if>
  </select>
  <insert id="insertOrderProductList" parameterType="java.util.List" >
        insert into order_product values 
        <trim  suffix="" suffixOverrides=",">
        <foreach collection="list" item="orderProduct">
            (default,#{orderProduct.orderId},#{orderProduct.productId},
            #{orderProduct.productCount},#{orderProduct.unitPrice},#{orderProduct.totalPrice}),
        </foreach>
        </trim>
    </insert>
</mapper>