<?xml version="1.0" encoding="UTF-8" ?>
<!DOCTYPE mapper PUBLIC "-//mybatis.org//DTD Mapper 3.0//EN" "http://mybatis.org/dtd/mybatis-3-mapper.dtd" >
<mapper namespace="com.study.shop.mapper.OrderMapper" >
  <resultMap id="BaseResultMap" type="com.study.shop.domain.Order" >
    <!--
      WARNING - @mbggenerated
      This element is automatically generated by MyBatis Generator, do not modify.
    -->
    <constructor >
      <idArg column="order_id" jdbcType="BIGINT" javaType="java.lang.Long" />
      <arg column="user_id" jdbcType="BIGINT" javaType="java.lang.Long" />
      <arg column="total_price" jdbcType="INTEGER" javaType="java.lang.Integer" />
      <arg column="receive_address" jdbcType="VARCHAR" javaType="java.lang.String" />
      <arg column="contact" jdbcType="VARCHAR" javaType="java.lang.String" />
      <arg column="order_time" jdbcType="TIMESTAMP" javaType="java.util.Date" />
    </constructor>
  </resultMap>
  <sql id="Example_Where_Clause" >
    <!--
      WARNING - @mbggenerated
      This element is automatically generated by MyBatis Generator, do not modify.
    -->
    <where >
      <foreach collection="oredCriteria" item="criteria" separator="or" >
        <if test="criteria.valid" >
          <trim prefix="(" suffix=")" prefixOverrides="and" >
            <foreach collection="criteria.criteria" item="criterion" >
              <choose >
                <when test="criterion.noValue" >
                  and ${criterion.condition}
                </when>
                <when test="criterion.singleValue" >
                  and ${criterion.condition} #{criterion.value}
                </when>
                <when test="criterion.betweenValue" >
                  and ${criterion.condition} #{criterion.value} and #{criterion.secondValue}
                </when>
                <when test="criterion.listValue" >
                  and ${criterion.condition}
                  <foreach collection="criterion.value" item="listItem" open="(" close=")" separator="," >
                    #{listItem}
                  </foreach>
                </when>
              </choose>
            </foreach>
          </trim>
        </if>
      </foreach>
    </where>
  </sql>
  <sql id="Base_Column_List" >
    <!--
      WARNING - @mbggenerated
      This element is automatically generated by MyBatis Generator, do not modify.
    -->
    order_id, user_id, total_price, receive_address, contact, order_time
  </sql>
  <select id="selectByExample" resultMap="BaseResultMap" parameterType="com.study.shop.domain.OrderExample" >
    <!--
      WARNING - @mbggenerated
      This element is automatically generated by MyBatis Generator, do not modify.
    -->
    select
    <if test="distinct" >
      distinct
    </if>
    <include refid="Base_Column_List" />
    from order_form
    <if test="_parameter != null" >
      <include refid="Example_Where_Clause" />
    </if>
    <if test="orderByClause != null" >
      order by ${orderByClause}
    </if>
  </select>
  <select id="selectByPrimaryKey" resultMap="BaseResultMap" parameterType="java.lang.Long" >
    <!--
      WARNING - @mbggenerated
      This element is automatically generated by MyBatis Generator, do not modify.
    -->
    select 
    <include refid="Base_Column_List" />
    from order_form
    where order_id = #{orderId,jdbcType=BIGINT}
  </select>
  <delete id="deleteByPrimaryKey" parameterType="java.lang.Long" >
    <!--
      WARNING - @mbggenerated
      This element is automatically generated by MyBatis Generator, do not modify.
    -->
    delete from order_form
    where order_id = #{orderId,jdbcType=BIGINT}
  </delete>
  <insert id="insert" parameterType="com.study.shop.domain.Order" >
    <!--
      WARNING - @mbggenerated
      This element is automatically generated by MyBatis Generator, do not modify.
    -->
    insert into order_form (order_id, user_id, total_price, 
      receive_address, contact, order_time
      )
    values (#{orderId,jdbcType=BIGINT}, #{userId,jdbcType=BIGINT}, #{totalPrice,jdbcType=INTEGER}, 
      #{receiveAddress,jdbcType=VARCHAR}, #{contact,jdbcType=VARCHAR}, #{orderTime,jdbcType=TIMESTAMP}
      )
  </insert>
  <insert id="insertSelective" parameterType="com.study.shop.domain.Order" 
            useGeneratedKeys="true" keyProperty="orderId">
    <!--
      WARNING - @mbggenerated
      This element is automatically generated by MyBatis Generator, do not modify.
    -->
    insert into order_form
    <trim prefix="(" suffix=")" suffixOverrides="," >
      <if test="orderId != null" >
        order_id,
      </if>
      <if test="userId != null" >
        user_id,
      </if>
      <if test="totalPrice != null" >
        total_price,
      </if>
      <if test="receiveAddress != null" >
        receive_address,
      </if>
      <if test="contact != null" >
        contact,
      </if>
      <if test="orderTime != null" >
        order_time,
      </if>
    </trim>
    <trim prefix="values (" suffix=")" suffixOverrides="," >
      <if test="orderId != null" >
        #{orderId,jdbcType=BIGINT},
      </if>
      <if test="userId != null" >
        #{userId,jdbcType=BIGINT},
      </if>
      <if test="totalPrice != null" >
        #{totalPrice,jdbcType=INTEGER},
      </if>
      <if test="receiveAddress != null" >
        #{receiveAddress,jdbcType=VARCHAR},
      </if>
      <if test="contact != null" >
        #{contact,jdbcType=VARCHAR},
      </if>
      <if test="orderTime != null" >
        #{orderTime,jdbcType=TIMESTAMP},
      </if>
    </trim>
  </insert>
  <select id="countByExample" parameterType="com.study.shop.domain.OrderExample" resultType="java.lang.Integer" >
    <!--
      WARNING - @mbggenerated
      This element is automatically generated by MyBatis Generator, do not modify.
    -->
    select count(*) from order_form
    <if test="_parameter != null" >
      <include refid="Example_Where_Clause" />
    </if>
  </select>
  <update id="updateByPrimaryKeySelective" parameterType="com.study.shop.domain.Order" >
    <!--
      WARNING - @mbggenerated
      This element is automatically generated by MyBatis Generator, do not modify.
    -->
    update order_form
    <set >
      <if test="userId != null" >
        user_id = #{userId,jdbcType=BIGINT},
      </if>
      <if test="totalPrice != null" >
        total_price = #{totalPrice,jdbcType=INTEGER},
      </if>
      <if test="receiveAddress != null" >
        receive_address = #{receiveAddress,jdbcType=VARCHAR},
      </if>
      <if test="contact != null" >
        contact = #{contact,jdbcType=VARCHAR},
      </if>
      <if test="orderTime != null" >
        order_time = #{orderTime,jdbcType=TIMESTAMP},
      </if>
    </set>
    where order_id = #{orderId,jdbcType=BIGINT}
  </update>
  <update id="updateByPrimaryKey" parameterType="com.study.shop.domain.Order" >
    <!--
      WARNING - @mbggenerated
      This element is automatically generated by MyBatis Generator, do not modify.
    -->
    update order_form
    set user_id = #{userId,jdbcType=BIGINT},
      total_price = #{totalPrice,jdbcType=INTEGER},
      receive_address = #{receiveAddress,jdbcType=VARCHAR},
      contact = #{contact,jdbcType=VARCHAR},
      order_time = #{orderTime,jdbcType=TIMESTAMP}
    where order_id = #{orderId,jdbcType=BIGINT}
  </update>
  <select resultMap="BaseResultMap" parameterType="com.study.shop.domain.OrderExample" id="selectByExampleWithRowbounds" >
    <!--
      WARNING - @mbggenerated
      This element is automatically generated by MyBatis Generator, do not modify.
    -->
    select
    <if test="distinct" >
      distinct
    </if>
    <include refid="Base_Column_List" />
    from order_form
    <if test="_parameter != null" >
      <include refid="Example_Where_Clause" />
    </if>
    <if test="orderByClause != null" >
      order by ${orderByClause}
    </if>
  </select>
</mapper>