<?xml version="1.0" encoding="UTF-8" ?>
<!DOCTYPE mapper PUBLIC "-//mybatis.org//DTD Mapper 3.0//EN" "http://mybatis.org/dtd/mybatis-3-mapper.dtd" >
<mapper namespace="com.study.shop.mapper.ProductMapper" >
  <resultMap id="BaseResultMap" type="com.study.shop.domain.Product" >
    <!--
      WARNING - @mbggenerated
      This element is automatically generated by MyBatis Generator, do not modify.
    -->
    <constructor >
      <idArg column="id" jdbcType="BIGINT" javaType="java.lang.Long" />
      <arg column="name" jdbcType="VARCHAR" javaType="java.lang.String" />
      <arg column="enable" jdbcType="BIT" javaType="java.lang.Boolean" />
      <arg column="stock" jdbcType="INTEGER" javaType="java.lang.Integer" />
      <arg column="specification" jdbcType="VARCHAR" javaType="java.lang.String" />
      <arg column="price" jdbcType="INTEGER" javaType="java.lang.Integer" />
    </constructor>
  </resultMap>
  <sql id="Example_Where_Clause" >
    <!--
      WARNING - @mbggenerated
      This element is automatically generated by MyBatis Generator, do not modify.
    -->
    <where >
      <foreach collection="oredCriteria" item="criteria" separator="or" >
        <if test="criteria.valid" >
          <trim prefix="(" suffix=")" prefixOverrides="and" >
            <foreach collection="criteria.criteria" item="criterion" >
              <choose >
                <when test="criterion.noValue" >
                  and ${criterion.condition}
                </when>
                <when test="criterion.singleValue" >
                  and ${criterion.condition} #{criterion.value}
                </when>
                <when test="criterion.betweenValue" >
                  and ${criterion.condition} #{criterion.value} and #{criterion.secondValue}
                </when>
                <when test="criterion.listValue" >
                  and ${criterion.condition}
                  <foreach collection="criterion.value" item="listItem" open="(" close=")" separator="," >
                    #{listItem}
                  </foreach>
                </when>
              </choose>
            </foreach>
          </trim>
        </if>
      </foreach>
    </where>
  </sql>
  <sql id="Base_Column_List" >
    <!--
      WARNING - @mbggenerated
      This element is automatically generated by MyBatis Generator, do not modify.
    -->
    id, name, enable, stock, specification, price
  </sql>
  <select id="selectByExample" resultMap="BaseResultMap" parameterType="com.study.shop.domain.ProductExample" >
    <!--
      WARNING - @mbggenerated
      This element is automatically generated by MyBatis Generator, do not modify.
    -->
    select
    <if test="distinct" >
      distinct
    </if>
    <include refid="Base_Column_List" />
    from product_info
    <if test="_parameter != null" >
      <include refid="Example_Where_Clause" />
    </if>
    <if test="orderByClause != null" >
      order by ${orderByClause}
    </if>
  </select>
  <select id="selectByPrimaryKey" resultMap="BaseResultMap" parameterType="java.lang.Long" >
    <!--
      WARNING - @mbggenerated
      This element is automatically generated by MyBatis Generator, do not modify.
    -->
    select 
    <include refid="Base_Column_List" />
    from product_info
    where id = #{id,jdbcType=BIGINT}
  </select>
  <delete id="deleteByPrimaryKey" parameterType="java.lang.Long" >
    <!--
      WARNING - @mbggenerated
      This element is automatically generated by MyBatis Generator, do not modify.
    -->
    delete from product_info
    where id = #{id,jdbcType=BIGINT}
  </delete>
  <insert id="insert" parameterType="com.study.shop.domain.Product" >
    <!--
      WARNING - @mbggenerated
      This element is automatically generated by MyBatis Generator, do not modify.
    -->
    insert into product_info (id, name, enable, 
      stock, specification, price
      )
    values (#{id,jdbcType=BIGINT}, #{name,jdbcType=VARCHAR}, #{enable,jdbcType=BIT}, 
      #{stock,jdbcType=INTEGER}, #{specification,jdbcType=VARCHAR}, #{price,jdbcType=INTEGER}
      )
  </insert>
  <insert id="insertSelective" parameterType="com.study.shop.domain.Product" >
    <!--
      WARNING - @mbggenerated
      This element is automatically generated by MyBatis Generator, do not modify.
    -->
    insert into product_info
    <trim prefix="(" suffix=")" suffixOverrides="," >
      <if test="id != null" >
        id,
      </if>
      <if test="name != null" >
        name,
      </if>
      <if test="enable != null" >
        enable,
      </if>
      <if test="stock != null" >
        stock,
      </if>
      <if test="specification != null" >
        specification,
      </if>
      <if test="price != null" >
        price,
      </if>
    </trim>
    <trim prefix="values (" suffix=")" suffixOverrides="," >
      <if test="id != null" >
        #{id,jdbcType=BIGINT},
      </if>
      <if test="name != null" >
        #{name,jdbcType=VARCHAR},
      </if>
      <if test="enable != null" >
        #{enable,jdbcType=BIT},
      </if>
      <if test="stock != null" >
        #{stock,jdbcType=INTEGER},
      </if>
      <if test="specification != null" >
        #{specification,jdbcType=VARCHAR},
      </if>
      <if test="price != null" >
        #{price,jdbcType=INTEGER},
      </if>
    </trim>
  </insert>
  <select id="countByExample" parameterType="com.study.shop.domain.ProductExample" resultType="java.lang.Integer" >
    <!--
      WARNING - @mbggenerated
      This element is automatically generated by MyBatis Generator, do not modify.
    -->
    select count(*) from product_info
    <if test="_parameter != null" >
      <include refid="Example_Where_Clause" />
    </if>
  </select>
  <update id="updateByPrimaryKeySelective" parameterType="com.study.shop.domain.Product" >
    <!--
      WARNING - @mbggenerated
      This element is automatically generated by MyBatis Generator, do not modify.
    -->
    update product_info
    <set >
      <if test="name != null" >
        name = #{name,jdbcType=VARCHAR},
      </if>
      <if test="enable != null" >
        enable = #{enable,jdbcType=BIT},
      </if>
      <if test="stock != null" >
        stock = #{stock,jdbcType=INTEGER},
      </if>
      <if test="specification != null" >
        specification = #{specification,jdbcType=VARCHAR},
      </if>
      <if test="price != null" >
        price = #{price,jdbcType=INTEGER},
      </if>
    </set>
    where id = #{id,jdbcType=BIGINT}
  </update>
  <update id="updateByPrimaryKey" parameterType="com.study.shop.domain.Product" >
    <!--
      WARNING - @mbggenerated
      This element is automatically generated by MyBatis Generator, do not modify.
    -->
    update product_info
    set name = #{name,jdbcType=VARCHAR},
      enable = #{enable,jdbcType=BIT},
      stock = #{stock,jdbcType=INTEGER},
      specification = #{specification,jdbcType=VARCHAR},
      price = #{price,jdbcType=INTEGER}
    where id = #{id,jdbcType=BIGINT}
  </update>
  <select resultMap="BaseResultMap" parameterType="com.study.shop.domain.ProductExample" id="selectByExampleWithRowbounds" >
    <!--
      WARNING - @mbggenerated
      This element is automatically generated by MyBatis Generator, do not modify.
    -->
    select
    <if test="distinct" >
      distinct
    </if>
    <include refid="Base_Column_List" />
    from product_info
    <if test="_parameter != null" >
      <include refid="Example_Where_Clause" />
    </if>
    <if test="orderByClause != null" >
      order by ${orderByClause}
    </if>
  </select>
</mapper>