<?xml version="1.0" encoding="UTF-8"?>
<!DOCTYPE mapper PUBLIC "-//mybatis.org//DTD Mapper 3.0//EN" "http://mybatis.org/dtd/mybatis-3-mapper.dtd">
<mapper namespace="com.study.shop.mapper.SeckillInfoMapper">
  <resultMap id="BaseResultMap" type="com.study.shop.domain.SeckillInfo">
    <!--
      WARNING - @mbggenerated
      This element is automatically generated by MyBatis Generator, do not modify.
    -->
    <constructor>
      <idArg column="id" javaType="java.lang.Long" jdbcType="BIGINT" />
      <arg column="product_id" javaType="java.lang.Long" jdbcType="BIGINT" />
      <arg column="product_name" javaType="java.lang.String" jdbcType="VARCHAR" />
      <arg column="seckill_count" javaType="java.lang.Integer" jdbcType="INTEGER" />
      <arg column="seckill_price" javaType="java.lang.Integer" jdbcType="INTEGER" />
      <arg column="seckill_specification" javaType="java.lang.String" jdbcType="VARCHAR" />
      <arg column="seckill_start_time" javaType="java.util.Date" jdbcType="TIMESTAMP" />
      <arg column="seckill_end_time" javaType="java.util.Date" jdbcType="TIMESTAMP" />
      <arg column="create_time" javaType="java.util.Date" jdbcType="TIMESTAMP" />
      <arg column="modify_time" javaType="java.util.Date" jdbcType="TIMESTAMP" />
    </constructor>
  </resultMap>
  <sql id="Example_Where_Clause">
    <!--
      WARNING - @mbggenerated
      This element is automatically generated by MyBatis Generator, do not modify.
    -->
    <where>
      <foreach collection="oredCriteria" item="criteria" separator="or">
        <if test="criteria.valid">
          <trim prefix="(" prefixOverrides="and" suffix=")">
            <foreach collection="criteria.criteria" item="criterion">
              <choose>
                <when test="criterion.noValue">
                  and ${criterion.condition}
                </when>
                <when test="criterion.singleValue">
                  and ${criterion.condition} #{criterion.value}
                </when>
                <when test="criterion.betweenValue">
                  and ${criterion.condition} #{criterion.value} and #{criterion.secondValue}
                </when>
                <when test="criterion.listValue">
                  and ${criterion.condition}
                  <foreach close=")" collection="criterion.value" item="listItem" open="(" separator=",">
                    #{listItem}
                  </foreach>
                </when>
              </choose>
            </foreach>
          </trim>
        </if>
      </foreach>
    </where>
  </sql>
  <sql id="Base_Column_List">
    <!--
      WARNING - @mbggenerated
      This element is automatically generated by MyBatis Generator, do not modify.
    -->
    id, product_id, product_name, seckill_count, seckill_price, seckill_specification, 
    seckill_start_time, seckill_end_time, create_time, modify_time
  </sql>
  <select id="selectByExample" parameterType="com.study.shop.domain.SeckillInfoExample" resultMap="BaseResultMap">
    <!--
      WARNING - @mbggenerated
      This element is automatically generated by MyBatis Generator, do not modify.
    -->
    select
    <if test="distinct">
      distinct
    </if>
    <include refid="Base_Column_List" />
    from seckill_info
    <if test="_parameter != null">
      <include refid="Example_Where_Clause" />
    </if>
    <if test="orderByClause != null">
      order by ${orderByClause}
    </if>
  </select>
  <select id="selectByPrimaryKey" parameterType="java.lang.Long" resultMap="BaseResultMap">
    <!--
      WARNING - @mbggenerated
      This element is automatically generated by MyBatis Generator, do not modify.
    -->
    select 
    <include refid="Base_Column_List" />
    from seckill_info
    where id = #{id,jdbcType=BIGINT}
  </select>
  <delete id="deleteByPrimaryKey" parameterType="java.lang.Long">
    <!--
      WARNING - @mbggenerated
      This element is automatically generated by MyBatis Generator, do not modify.
    -->
    delete from seckill_info
    where id = #{id,jdbcType=BIGINT}
  </delete>
  <insert id="insert" parameterType="com.study.shop.domain.SeckillInfo">
    <!--
      WARNING - @mbggenerated
      This element is automatically generated by MyBatis Generator, do not modify.
    -->
    insert into seckill_info (id, product_id, product_name, 
      seckill_count, seckill_price, seckill_specification, 
      seckill_start_time, seckill_end_time, create_time, 
      modify_time)
    values (#{id,jdbcType=BIGINT}, #{productId,jdbcType=BIGINT}, #{productName,jdbcType=VARCHAR}, 
      #{seckillCount,jdbcType=INTEGER}, #{seckillPrice,jdbcType=INTEGER}, #{seckillSpecification,jdbcType=VARCHAR}, 
      #{seckillStartTime,jdbcType=TIMESTAMP}, #{seckillEndTime,jdbcType=TIMESTAMP}, #{createTime,jdbcType=TIMESTAMP}, 
      #{modifyTime,jdbcType=TIMESTAMP})
  </insert>
  <insert id="insertSelective" parameterType="com.study.shop.domain.SeckillInfo"
            useGeneratedKeys="true" keyProperty="id">
    <!--
      WARNING - @mbggenerated
      This element is automatically generated by MyBatis Generator, do not modify.
    -->
    insert into seckill_info
    <trim prefix="(" suffix=")" suffixOverrides=",">
      <if test="id != null">
        id,
      </if>
      <if test="productId != null">
        product_id,
      </if>
      <if test="productName != null">
        product_name,
      </if>
      <if test="seckillCount != null">
        seckill_count,
      </if>
      <if test="seckillPrice != null">
        seckill_price,
      </if>
      <if test="seckillSpecification != null">
        seckill_specification,
      </if>
      <if test="seckillStartTime != null">
        seckill_start_time,
      </if>
      <if test="seckillEndTime != null">
        seckill_end_time,
      </if>
      <if test="createTime != null">
        create_time,
      </if>
      <if test="modifyTime != null">
        modify_time,
      </if>
    </trim>
    <trim prefix="values (" suffix=")" suffixOverrides=",">
      <if test="id != null">
        #{id,jdbcType=BIGINT},
      </if>
      <if test="productId != null">
        #{productId,jdbcType=BIGINT},
      </if>
      <if test="productName != null">
        #{productName,jdbcType=VARCHAR},
      </if>
      <if test="seckillCount != null">
        #{seckillCount,jdbcType=INTEGER},
      </if>
      <if test="seckillPrice != null">
        #{seckillPrice,jdbcType=INTEGER},
      </if>
      <if test="seckillSpecification != null">
        #{seckillSpecification,jdbcType=VARCHAR},
      </if>
      <if test="seckillStartTime != null">
        #{seckillStartTime,jdbcType=TIMESTAMP},
      </if>
      <if test="seckillEndTime != null">
        #{seckillEndTime,jdbcType=TIMESTAMP},
      </if>
      <if test="createTime != null">
        #{createTime,jdbcType=TIMESTAMP},
      </if>
      <if test="modifyTime != null">
        #{modifyTime,jdbcType=TIMESTAMP},
      </if>
    </trim>
  </insert>
  <select id="countByExample" parameterType="com.study.shop.domain.SeckillInfoExample" resultType="java.lang.Integer">
    <!--
      WARNING - @mbggenerated
      This element is automatically generated by MyBatis Generator, do not modify.
    -->
    select count(*) from seckill_info
    <if test="_parameter != null">
      <include refid="Example_Where_Clause" />
    </if>
  </select>
  <update id="updateByPrimaryKeySelective" parameterType="com.study.shop.domain.SeckillInfo">
    <!--
      WARNING - @mbggenerated
      This element is automatically generated by MyBatis Generator, do not modify.
    -->
    update seckill_info
    <set>
      <if test="productId != null">
        product_id = #{productId,jdbcType=BIGINT},
      </if>
      <if test="productName != null">
        product_name = #{productName,jdbcType=VARCHAR},
      </if>
      <if test="seckillCount != null">
        seckill_count = #{seckillCount,jdbcType=INTEGER},
      </if>
      <if test="seckillPrice != null">
        seckill_price = #{seckillPrice,jdbcType=INTEGER},
      </if>
      <if test="seckillSpecification != null">
        seckill_specification = #{seckillSpecification,jdbcType=VARCHAR},
      </if>
      <if test="seckillStartTime != null">
        seckill_start_time = #{seckillStartTime,jdbcType=TIMESTAMP},
      </if>
      <if test="seckillEndTime != null">
        seckill_end_time = #{seckillEndTime,jdbcType=TIMESTAMP},
      </if>
      <if test="createTime != null">
        create_time = #{createTime,jdbcType=TIMESTAMP},
      </if>
      <if test="modifyTime != null">
        modify_time = #{modifyTime,jdbcType=TIMESTAMP},
      </if>
    </set>
    where id = #{id,jdbcType=BIGINT}
  </update>
  <update id="updateByPrimaryKey" parameterType="com.study.shop.domain.SeckillInfo">
    <!--
      WARNING - @mbggenerated
      This element is automatically generated by MyBatis Generator, do not modify.
    -->
    update seckill_info
    set product_id = #{productId,jdbcType=BIGINT},
      product_name = #{productName,jdbcType=VARCHAR},
      seckill_count = #{seckillCount,jdbcType=INTEGER},
      seckill_price = #{seckillPrice,jdbcType=INTEGER},
      seckill_specification = #{seckillSpecification,jdbcType=VARCHAR},
      seckill_start_time = #{seckillStartTime,jdbcType=TIMESTAMP},
      seckill_end_time = #{seckillEndTime,jdbcType=TIMESTAMP},
      create_time = #{createTime,jdbcType=TIMESTAMP},
      modify_time = #{modifyTime,jdbcType=TIMESTAMP}
    where id = #{id,jdbcType=BIGINT}
  </update>
  <select id="selectSeckillAndLockById" parameterType="java.lang.Long" resultMap="BaseResultMap">
    select 
    <include refid="Base_Column_List" />
    from seckill_info
    where id = #{id,jdbcType=BIGINT} for update
  </select>
  <select id="selectByExampleWithRowbounds" parameterType="com.study.shop.domain.SeckillInfoExample" resultMap="BaseResultMap">
    <!--
      WARNING - @mbggenerated
      This element is automatically generated by MyBatis Generator, do not modify.
    -->
    select
    <if test="distinct">
      distinct
    </if>
    <include refid="Base_Column_List" />
    from seckill_info
    <if test="_parameter != null">
      <include refid="Example_Where_Clause" />
    </if>
    <if test="orderByClause != null">
      order by ${orderByClause}
    </if>
  </select>
</mapper>